<?xml version="1.0" encoding="UTF-8"?>
<!--
  Licensed to the Apache Software Foundation (ASF) under one or more
  contributor license agreements.  See the NOTICE file distributed with
  this work for additional information regarding copyright ownership.
  The ASF licenses this file to You under the Apache License, Version 2.0
  (the "License"); you may not use this file except in compliance with
  the License.  You may obtain a copy of the License at

      http://www.apache.org/licenses/LICENSE-2.0

  Unless required by applicable law or agreed to in writing, software
  distributed under the License is distributed on an "AS IS" BASIS,
  WITHOUT WARRANTIES OR CONDITIONS OF ANY KIND, either express or implied.
  See the License for the specific language governing permissions and
  limitations under the License.
-->
<!DOCTYPE document [
  <!ENTITY project SYSTEM "project.xml">
]>
<document url="2008.html">

  &project;

  <properties>
    <title>2008 News and Status</title>
  </properties>

<body>

<section name="2008 News &amp; Status">
<subsection anchor="20081118.1" name="18 November - TC-Native-1.1.16 released">
<p>The Apache Tomcat team is proud to announce the immediate availability
of Tomcat Native 1.1.16. This is a stable release adding some bug fixes.
</p>
</subsection>
<subsection anchor="20080911.1" name="11 September - TC-Native-1.1.15 released">
<p>The Apache Tomcat team is proud to announce the immediate availability
of Tomcat Native 1.1.15. This is a stable release adding some bug fixes.
</p>
</subsection>
<subsection anchor="20080704.1" name="4 July - TC-Native-1.1.14 released">
<p>The Apache Tomcat team is proud to announce the immediate availability
of Tomcat Native 1.1.14. This is a stable release adding some bug fixes.
</p>
</subsection>
<subsection anchor="20080115.1" name="15 February - TC-Native-1.1.13 released">
<p>The Apache Tomcat team is proud to announce the immediate availability
of Tomcat Native 1.1.13. This is a stable release adding few new features
and some bug fixes.
</p><p>
 Please see the <a href="../../native-1.1-doc/miscellaneous/changelog.html">ChangeLog</a> for a full list of changes.
</p>
</subsection>
</section>
</body>
</document>
