<?xml version="1.0" encoding="UTF-8"?>
<!--
  Licensed to the Apache Software Foundation (ASF) under one or more
  contributor license agreements.  See the NOTICE file distributed with
  this work for additional information regarding copyright ownership.
  The ASF licenses this file to You under the Apache License, Version 2.0
  (the "License"); you may not use this file except in compliance with
  the License.  You may obtain a copy of the License at

      http://www.apache.org/licenses/LICENSE-2.0

  Unless required by applicable law or agreed to in writing, software
  distributed under the License is distributed on an "AS IS" BASIS,
  WITHOUT WARRANTIES OR CONDITIONS OF ANY KIND, either express or implied.
  See the License for the specific language governing permissions and
  limitations under the License.
-->
<!DOCTYPE document [
  <!ENTITY project SYSTEM "project.xml">
]>
<document url="2014.html">

  &project;

  <properties>
    <title>2014 News and Status</title>
  </properties>

<body>

<section name="2014 News &amp; Status">
 <subsection anchor="20141023.1" name="23 October 2014 - TC-Native-1.1.32 released">
  <p>The Apache Tomcat team is proud to announce the immediate availability
  of Tomcat Native 1.1.32. This release add support for TLSv1.1 and TLSv1.2 and
  includes Windows binaries built with OpenSSL 1.0.1j and APR 1.5.1.
  </p>
 </subsection>    
 <subsection anchor="20140707.1" name="7 July 2014 - TC-Native-1.1.31 released">
  <p>The Apache Tomcat team is proud to announce the immediate availability
  of Tomcat Native 1.1.31. This is a bug fixing release and includes Windows
  binaries built with OpenSSL 1.0.1h.
  </p>
 </subsection>    
 <subsection anchor="20140415.1" name="15 April - TC-Native-1.1.30 released">
  <p>The Apache Tomcat team is proud to announce the immediate availability
  of Tomcat Native 1.1.30. This is a bug fixing release with added support for
  EC ciphers if supported by OpenSSL.
  </p>
 </subsection>
</section>
</body>
</document>
