<?xml version="1.0" encoding="UTF-8"?>
<!--
  Licensed to the Apache Software Foundation (ASF) under one or more
  contributor license agreements.  See the NOTICE file distributed with
  this work for additional information regarding copyright ownership.
  The ASF licenses this file to You under the Apache License, Version 2.0
  (the "License"); you may not use this file except in compliance with
  the License.  You may obtain a copy of the License at

      http://www.apache.org/licenses/LICENSE-2.0

  Unless required by applicable law or agreed to in writing, software
  distributed under the License is distributed on an "AS IS" BASIS,
  WITHOUT WARRANTIES OR CONDITIONS OF ANY KIND, either express or implied.
  See the License for the specific language governing permissions and
  limitations under the License.
-->
<!DOCTYPE document [
  <!ENTITY project SYSTEM "project.xml">
]>
<document url="2015.html">

  &project;

  <properties>
    <title>2015 News and Status</title>
  </properties>

<body>

<section name="2015 News &amp; Status">
 <subsection anchor="20151215" name="12 Dec 2015 - TC-Native-1.2.3 released">
  <p>The Apache Tomcat team is proud to announce the immediate availability
  of Tomcat Native 1.2.3. This is a bug fix release and includes Windows
  binaries built with OpenSSL 1.0.2e and APR 1.5.1.
  </p>
 </subsection>
 <subsection anchor="20151109" name="9 Nov 2015 - TC-Native-1.2.2 released">
  <p>The Apache Tomcat team is proud to announce the immediate availability
  of Tomcat Native 1.2.2. This is a bug fix release and includes Windows
  binaries built with OpenSSL 1.0.2d and APR 1.5.1.
  </p>
 </subsection>
 <subsection anchor="20151028" name="28 Oct 2015 - TC-Native-1.2.0 released">
  <p>The Apache Tomcat team is proud to announce the immediate availability
  of Tomcat Native 1.2.0. This is the first release of the 1.2.x series that
  provides ALPN, SNI and OpenSSl BIO support. It includes Windows binaries built
  with OpenSSL 1.0.2d and APR 1.5.1.
  </p>
 </subsection>
 <subsection anchor="20150323.1" name="23 March 2015 - TC-Native-1.1.33 released">
  <p>The Apache Tomcat team is proud to announce the immediate availability
  of Tomcat Native 1.1.33. This is a bug fixing release and includes Windows
  binaries built with OpenSSL 1.0.1m and APR 1.5.1.
  </p>
 </subsection>    
</section>
</body>
</document>
