<?xml version="1.0" encoding="UTF-8"?>
<!--
  Licensed to the Apache Software Foundation (ASF) under one or more
  contributor license agreements.  See the NOTICE file distributed with
  this work for additional information regarding copyright ownership.
  The ASF licenses this file to You under the Apache License, Version 2.0
  (the "License"); you may not use this file except in compliance with
  the License.  You may obtain a copy of the License at

      http://www.apache.org/licenses/LICENSE-2.0

  Unless required by applicable law or agreed to in writing, software
  distributed under the License is distributed on an "AS IS" BASIS,
  WITHOUT WARRANTIES OR CONDITIONS OF ANY KIND, either express or implied.
  See the License for the specific language governing permissions and
  limitations under the License.
-->
<!DOCTYPE document [
  <!ENTITY project SYSTEM "project.xml">
]>
<document url="2016.html">

  &project;

  <properties>
    <title>2016 News and Status</title>
  </properties>

<body>

<section name="2016 News &amp; Status">
 <subsection anchor="20161005" name="5 October 2016 - TC-Native-1.2.10 released">
  <p>The Apache Tomcat team is proud to announce the immediate availability
  of Tomcat Native 1.2.10. This is a release to update dependencies for the
  Windows binaries and includes Windows binaries built with OpenSSL 1.0.2j and
  APR 1.5.2.
  </p>
 </subsection>
 <subsection anchor="20160702" name="2 July 2016 - TC-Native-1.2.8 released">
  <p>The Apache Tomcat team is proud to announce the immediate availability
  of Tomcat Native 1.2.8. This is a bug fix release release and includes Windows
  binaries built with OpenSSL 1.0.2h and APR 1.5.2.
  </p>
 </subsection>
 <subsection anchor="20160508" name="8 May 2016 - TC-Native-1.2.7 released">
  <p>The Apache Tomcat team is proud to announce the immediate availability
  of Tomcat Native 1.2.7. This is a release to update dependencies for the
  Windows binaries and includes Windows binaries built with OpenSSL 1.0.2h and
  APR 1.5.2.
  </p>
 </subsection>
 <subsection anchor="20160426" name="26 Apr 2016 - TC-Native-1.2.6 released">
  <p>The Apache Tomcat team is proud to announce the immediate availability
  of Tomcat Native 1.2.6. This is a bug fix release and includes Windows
  binaries built with OpenSSL 1.0.2g and APR 1.5.2.
  </p>
 </subsection>
 <subsection anchor="20160307" name="7 Mar 2016 - TC-Native-1.2.5 released">
  <p>The Apache Tomcat team is proud to announce the immediate availability
  of Tomcat Native 1.2.5. This is a bug fix release and includes Windows
  binaries built with OpenSSL 1.0.2g and APR 1.5.1.
  </p>
 </subsection>
 <subsection anchor="20160111" name="11 Jan 2016 - TC-Native-1.2.4 released">
  <p>The Apache Tomcat team is proud to announce the immediate availability
  of Tomcat Native 1.2.4. This is a bug fix release and includes Windows
  binaries built with OpenSSL 1.0.2e and APR 1.5.1.
  </p>
 </subsection>
</section>
</body>
</document>
