<?xml version="1.0" encoding="UTF-8"?>
<!--
  Licensed to the Apache Software Foundation (ASF) under one or more
  contributor license agreements.  See the NOTICE file distributed with
  this work for additional information regarding copyright ownership.
  The ASF licenses this file to You under the Apache License, Version 2.0
  (the "License"); you may not use this file except in compliance with
  the License.  You may obtain a copy of the License at

      http://www.apache.org/licenses/LICENSE-2.0

  Unless required by applicable law or agreed to in writing, software
  distributed under the License is distributed on an "AS IS" BASIS,
  WITHOUT WARRANTIES OR CONDITIONS OF ANY KIND, either express or implied.
  See the License for the specific language governing permissions and
  limitations under the License.
-->
<!DOCTYPE document [
  <!ENTITY project SYSTEM "project.xml">
]>
<document url="2017.html">

  &project;

  <properties>
    <title>2017 News and Status</title>
  </properties>

<body>

<section name="2017 News &amp; Status">
 <subsection anchor="20170904" name="4 Sep 2017 - TC-Native-1.2.14 released">
  <p>The Apache Tomcat team is proud to announce the immediate availability
  of Tomcat Native 1.2.14. This is a bugfix release that also updates the
  dependencies for the Windows binaries and includes Windows binaries built with
  OpenSSL 1.0.2l and APR 1.6.2.
  </p>
 </subsection>
 <subsection anchor="20170221" name="21 Feb 2017 - TC-Native-1.2.12 released">
  <p>The Apache Tomcat team is proud to announce the immediate availability
  of Tomcat Native 1.2.12. This is a release to update dependencies for the
  Windows binaries and includes Windows binaries built with OpenSSL 1.0.2k and
  APR 1.5.2.
  </p>
 </subsection>
</section>
</body>
</document>
