<?xml version="1.0" encoding="UTF-8"?>
<!--
  Licensed to the Apache Software Foundation (ASF) under one or more
  contributor license agreements.  See the NOTICE file distributed with
  this work for additional information regarding copyright ownership.
  The ASF licenses this file to You under the Apache License, Version 2.0
  (the "License"); you may not use this file except in compliance with
  the License.  You may obtain a copy of the License at

      http://www.apache.org/licenses/LICENSE-2.0

  Unless required by applicable law or agreed to in writing, software
  distributed under the License is distributed on an "AS IS" BASIS,
  WITHOUT WARRANTIES OR CONDITIONS OF ANY KIND, either express or implied.
  See the License for the specific language governing permissions and
  limitations under the License.
-->
<project name="Apache Tomcat Native Documentation - News"
  href="http://tomcat.apache.org/">

  <title>The Apache Tomcat Native - News</title>

  <logo href="/images/tomcat.gif">
    The Apache Tomcat Native - News
  </logo>

  <body>
    <menu name="Links">
      <item name="Docs Home" href="../index.html"/>
    </menu>

    <menu name="Miscellaneous Documentation">
      <item name="Changelog" href="../miscellaneous/changelog.html"/>
    </menu>

    <menu name="News">
      <item name="2017" href="../news/2017.html"/>
      <item name="2016" href="../news/2016.html"/>
      <item name="2015" href="../news/2015.html"/>
      <item name="2014" href="../news/2014.html"/>
      <item name="2013" href="../news/2013.html"/>
      <item name="2012" href="../news/2012.html"/>
      <item name="2011" href="../news/2011.html"/>
      <item name="2010" href="../news/2010.html"/>
      <item name="2009" href="../news/2009.html"/>
      <item name="2008" href="../news/2008.html"/>
    </menu>

  </body>
</project>
